{"stats":{"minecraft:mined":{"minecraft:birch_log":7,"minecraft:birch_leaves":1},"minecraft:crafted":{"minecraft:birch_planks":28,"minecraft:crafting_table":1,"minecraft:wooden_axe":1},"minecraft:picked_up":{"minecraft:stick":2,"minecraft:birch_sapling":1,"minecraft:birch_log":7},"minecraft:custom":{"minecraft:jump":20,"minecraft:time_since_rest":1870,"minecraft:damage_dealt":30,"minecraft:crouch_one_cm":65,"minecraft:sprint_one_cm":999,"minecraft:play_time":1870,"minecraft:damage_taken":39,"minecraft:time_since_death":1870,"minecraft:walk_one_cm":6267,"minecraft:sneak_time":288,"minecraft:total_world_time":1870,"minecraft:interact_with_crafting_table":1,"minecraft:fall_one_cm":418,"minecraft:fly_one_cm":1302},"minecraft:used":{"minecraft:crafting_table":1}},"DataVersion":3465}